method,mean_distortion,max_distortion,rank_correlation,runtime,compression_ratio,optimized_evaluation
JLL,2.4823881449101366e-16,5.5649347296728596e-15,0.9999999999999999,0.00015211105346679688,1.0,True
PCA,6.964799778356268e-16,8.293305139474229e-15,0.9999999999999999,0.00037097930908203125,1.0,True
