method,mean_distortion,max_distortion,rank_correlation,runtime,compression_ratio,optimized_evaluation
JLL,0.14335603620499437,0.518629861809625,0.9254752392577072,0.003228902816772461,1.1904761904761905,True
PCA,0.029915222278880108,0.4232844284747376,0.9982914400490205,0.0009708404541015625,1.1904761904761905,True
GAUSSIAN,0.8576712421051012,2.210619315056869,0.9042717080143403,0.000982046127319336,1.1904761904761905,True
POCS,0.25347261519787334,2.022623028691739,0.6450289535406056,0.0027687549591064453,1.1904761904761905,True
POINCARE,0.13943978161412998,0.8780911754116285,0.8311355477239242,0.0002410411834716797,1.1904761904761905,True
SPHERICAL,0.13848420920600368,1.0134994713169518,0.8316557210837914,0.00016307830810546875,1.1904761904761905,True
