{
  "JLL": {
    "mean_distortion": 0.14335603620499437,
    "max_distortion": 0.518629861809625,
    "rank_correlation": 0.9254752392577072,
    "runtime": 0.00020360946655273438,
    "compression_ratio": 1.1904761904761905,
    "optimized_evaluation": true,
    "kl_divergence": 0.0,
    "l1": 0.0
  },
  "PCA": {
    "mean_distortion": 0.029915222278880108,
    "max_distortion": 0.4232844284747376,
    "rank_correlation": 0.9982914400490205,
    "runtime": 0.0009069442749023438,
    "compression_ratio": 1.1904761904761905,
    "optimized_evaluation": true,
    "kl_divergence": 0.0,
    "l1": 0.0
  },
  "GAUSSIAN": {
    "mean_distortion": 0.8576712421051012,
    "max_distortion": 2.210619315056869,
    "rank_correlation": 0.9042717080143403,
    "runtime": 0.0008130073547363281,
    "compression_ratio": 1.1904761904761905,
    "optimized_evaluation": true,
    "kl_divergence": 0.0,
    "l1": 0.0
  },
  "POCS": {
    "mean_distortion": 0.34351082750055795,
    "max_distortion": 0.9870325081279138,
    "rank_correlation": 0.7383275358662983,
    "runtime": 30.994549036026,
    "compression_ratio": 1.1904761904761905,
    "optimized_evaluation": true,
    "kl_divergence": 0.0,
    "l1": 0.0
  },
  "Poincare": {
    "mean_distortion": 0.13943978161412998,
    "max_distortion": 0.8780911754116285,
    "rank_correlation": 0.8311355477239242,
    "runtime": 0.0030231475830078125,
    "compression_ratio": 1.1904761904761905,
    "optimized_evaluation": true,
    "kl_divergence": 0.0,
    "l1": 0.0
  },
  "Spherical": {
    "mean_distortion": 0.13848420920600368,
    "max_distortion": 1.0134994713169518,
    "rank_correlation": 0.8316557210837914,
    "runtime": 0.0002429485321044922,
    "compression_ratio": 1.1904761904761905,
    "optimized_evaluation": true,
    "kl_divergence": 0.0,
    "l1": 0.0
  }
}